;Club;Country;Coef
1;Paris Saint-Germain;FRA;1,880
2;Arsenal FC;ENG;1,827
3;Real Madrid CF;ESP;1,825
4;Bayern München;GER;1,750
5;Internazionale Milano;ITA;1,698
6;FC Barcelona;ESP;1,614
7;Manchester City;ENG;1,608
8;Borussia Dortmund;GER;1,538
9;Liverpool FC;ENG;1,525
10;Atlético de Madrid;ESP;1,504
11;Chelsea FC;ENG;1,438
12;Aston Villa;ENG;1,416
13;Flamengo;BRA;1,386
14;Al-Hilal Saudi FC;KSA;1,354
15;Palmeiras;BRA;1,334
16;AS Roma;ITA;1,318
17;Manchester United;ENG;1,306
18;Benfica;POR;1,276
19;Bayer 04 Leverkusen;GER;1,257
20;FC Porto;POR;1,239
21;AC Milan;ITA;1,233
22;Atalanta BC;ITA;1,222
23;Juventus;ITA;1,217
24;Cruz Azul;MEX;1,213
25;PSV Eindhoven;NED;1,201
26;Tottenham Hotspur FC;ENG;1,171
27;Al-Ahli Saudi FC;KSA;1,170
28;Sporting CP;POR;1,167
29;Al-Nassr Saudi FC;KSA;1,136
30;Inter Miami CF;USA;1,126
31;RB Leipzig;GER;1,120
32;Lazio;ITA;1,112
33;Vancouver Whitecaps;CAN;1,105
34;Club Brugge;BEL;1,101
35;Seattle Sounders FC;USA;1,093
36;São Paulo FC;BRA;1,088
37;Al-Ahly SC;EGY;1,080
38;LOSC Lille;FRA;1,076
39;SSC Napoli;ITA;1,071
40;LDU Quito;ECU;1,064
41;Feyenoord;NED;1,060
42;Sporting de Braga;POR;1,050
43;Racing;ARG;1,039
44;Olympique de Marseille;FRA;1,034
45;UANL Tigres;MEX;1,024
46;Olympique Lyonnais;FRA;1,019
47;Ajax;NED;1,018
48;Real Betis Balompié;ESP;1,018
49;Fluminense;BRA;1,014
50;Newcastle United FC;ENG;1,013
51;Villarreal CF;ESP;1,013
52;Real Sociedad de Fútbol;ESP;1,010
53;Athletic Club;ESP;1,009
54;Mamelodi Sundowns;RSA;1,003
55;Galatasaray AŞ;TUR;1,002
56;Bologna FC 1909;ITA;0,999
57;Los Angeles FC;USA;0,996
58;VfB Stuttgart;GER;0,986
59;Eintracht Frankfurt;GER;0,985
60;Sevilla FC;ESP;0,975
61;Columbus Crew SC;USA;0,972
62;AS Monaco;MON;0,963
63;Atlético Mineiro;BRA;0,957
64;Botafogo;BRA;0,954
65;Espanyol;ESP;0,947
66;CF Monterrey;MEX;0,943
67;Olympiacos Piraeus;GRE;0,942
68;Fenerbahçe SK;TUR;0,940
69;Kawasaki Frontale;JPN;0,939
70;Estudiantes;ARG;0,939
71;Everton FC;ENG;0,939
72;Espérance ST;TUN;0,938
73;Union St. Gilloise;BEL;0,937
74;AZ Alkmaar;NED;0,936
75;RC Lens;FRA;0,933
76;Brentford FC;ENG;0,932
77;Celta de Vigo;ESP;0,928
78;FC Cincinnati;USA;0,928
79;Pyramids FC;EGY;0,922
80;Como 1907;ITA;0,919
81;Crystal Palace;ENG;0,915
82;Sunderland AFC;ENG;0,913
83;TSG 1899 Hoffenheim;GER;0,908
84;Fulham;ENG;0,902
85;River Plate;ARG;0,895
86;US Sassuolo Calcio;ITA;0,891
87;Getafe CF;ESP;0,889
88;Los Angeles Galaxy;USA;0,887
89;Brighton Hove;ENG;0,883
90;Osasuna;ESP;0,881
91;América;MEX;0,880
92;Nottingham Forest;ENG;0,879
93;Stade Rennais;FRA;0,879
94;Boca Juniors;ARG;0,877
95;Elche CF;ESP;0,876
96;Viktoria Plzeň;CZE;0,875
97;Union Berlin;GER;0,874
98;AFC Bournemouth;ENG;0,871
99;Udinese Calcio;ITA;0,871
100;RCD Mallorca;ESP;0,871
101;Racing Strasbourg;FRA;0,865
102;SC Freiburg;GER;0,865
103;Philadelphia Union;USA;0,863
104;Pumas UNAM;MEX;0,862
105;Celtic FC;SCO;0,860
106;Slavia Praha;CZE;0,860
107;Stade Brest;FRA;0,860
108;Alavés;ESP;0,860
109;NEC;NED;0,860
110;Leeds Utd;ENG;0,859
111;FC Famalicão;POR;0,857
112;Toulouse FC;FRA;0,856
113;Torino FC;ITA;0,853
114;Werder Bremen;GER;0,852
115;Rayo Vallecano;ESP;0,851
116;Vitória SC;POR;0,846
117;Dinamo Zagreb;CRO;0,845
118;West Ham United FC;ENG;0,843
119;Internacional Porto Alegre;BRA;0,843
120;Cagliari Calcio;ITA;0,843
121;Shakhtar Donetsk;UKR;0,841
122;Anderlecht;BEL;0,839
123;Moreirense;POR;0,836
124;Fiorentina;ITA;0,835
125;FC København;DEN;0,836
126;Parma Calcio 1913;ITA;0,833
127;Angers SCO;FRA;0,833
128;Borussia Mönchengladbach;GER;0,832
129;Valencia CF;ESP;0,832
130;PAOK FC;GRE;0,831
131;Burnley FC;ENG;0,831
132;Cremonese;ITA;0,831
133;Midtjylland;DEN;0,826
134;Colorado Rapids;USA;0,825
135;KAA Gent;BEL;0,824
136;Wolverhampton Wanderers;ENG;0,824
137;Girona FC;ESP;0,823
138;US Lecce;ITA;0,823
139;Trabzonspor;TUR;0,816
140;Gil Vicente;POR;0,815
141;Crvena Zvezda;SRB;0,813
142;Minnesota United;USA;0,813
143;Genoa CFC;ITA;0,812
144;VfL Wolfsburg;GER;0,811
145;FC Köln;GER;0,810
146;Vélez Sársfield;ARG;0,809
147;Hellas Verona;ITA;0,804
148;Al-Sadd;QAT;0,801
149;San Diego FC;USA;0,800
150;OGC Nice;FRA;0,800
151;Coventry City FC;ENG;0,800
152;Nashville SC;USA;0,799
153;FC Augsburg;GER;0,798
154;Rangers FC;SCO;0,797
155;Corinthians;BRA;0,796
156;Middlesbrough FC;ENG;0,792
157;Peñarol;URU;0,789
158;Independiente del Valle;ECU;0,789
159;Hamburger SV;GER;0,788
160;FC St. Pauli;GER;0,786
161;Cerro Porteño;PAR;0,783
162;FC Lorient;FRA;0,783
163;Real Oviedo;ESP;0,782
164;Alajuelense;CRC;0,781
165;Ferencvárosi TC;HUN;0,780
166;Le Havre AC;FRA;0,779
167;Bodø/Glimt;NOR;0,777
168;Jeonbuk Hyundai Motors;KOR;0,777
169;Go Ahead Eagles;NED;0,777
170;Heidenheim 1846;GER;0,775
171;Guadalajara;MEX;0,773
172;RB Salzburg;AUT;0,772
173;Levante UD;ESP;0,772
174;KRC Genk;BEL;0,771
175;CF Pachuca;MEX;0,771
176;Mainz 05;GER;0,771
177;FC Utrecht;NED;0,771
178;New York City FC;USA;0,771
179;Santa Clara;POR;0,771
180;Cruzeiro;BRA;0,770
181;Al-Ittihad;KSA;0,768
182;AEK Athens FC;GRE;0,767
183;AJ Auxerre;FRA;0,767
184;Pisa SC;ITA;0,763
185;Watford FC;ENG;0,761
186;Qarabağ FK;AZE;0,757
187;FC Nantes;FRA;0,757
188;Sparta Praha;CZE;0,756
189;Deportivo Toluca;MEX;0,754
190;Buriram United;THA;0,747
191;Bristol City;ENG;0,744
192;Orlando Pirates;RSA;0,743
193;Millwall;ENG;0,740
194;RS Berkane;MAR;0,738
195;Johor Darul Ta'zim;MAS;0,736
196;Atlético Paranaense;BRA;0,736
197;Paris FC;FRA;0,732
198;Mirassol FC;BRA;0,732
199;Al-Taawoun;KSA;0,731
200;Libertad;PAR;0,729
201;FC Groningen;NED;0,727
202;Sint-Truidense VV;BEL;0,727
203;Ipswich Town;ENG;0,727
204;Persepolis;IRN;0,715
205;Lanús;ARG;0,715
206;Panathinaikos FC;GRE;0,714
207;Pafos;CYP;0,706
208;Al-Ain;UAE;0,705
209;KV Mechelen;BEL;0,705
210;Pakhtakor;UZB;0,694
211;Saprissa;CRC;0,692
212;Ludogorets 1945;BUL;0,688
213;Zamalek;EGY;0,688
214;Göztepe;TUR;0,688
215;Al-Gharafa;QAT;0,681
216;West Bromwich Albion;ENG;0,681
217;Esteghlal;IRN;0,679
218;Gwangju FC;KOR;0,678
219;Bolívar;BOL;0,678
220;Vissel Kobe;JPN;0,674
221;Sepahan;IRN;0,672
222;Yokohama F. Marinos;JPN;0,670
223;Sydney FC;AUS;0,664
224;Hull City AFC;ENG;0,664
225;Leicester City FC;ENG;0,663
226;Raja Casablanca;MAR;0,662
227;Pohang Steelers;KOR;0,655
228;Maccabi Tel-Aviv FC;ISR;0,653
229;Al-Wasl FC;UAE;0,653
230;Nasaf Qarshi;UZB;0,653
231;Al-Shabab Riyadh;KSA;0,653
232;Shabab Al-Ahli Dubai;UAE;0,650
233;Urawa Red Diamonds;JPN;0,649
234;Al-Rayyan;QAT;0,648
235;Al Wahda Abu Dhabi;UAE;0,646
236;Young Boys;SUI;0,645
237;Al-Duhail;QAT;0,643
238;Preston NE;ENG;0,643
239;AS FAR;MAR;0,641
240;Hapoel Beer-Sheva FC;ISR;0,640
241;Tractor;IRN;0,636
242;Ulsan HD;KOR;0,635
243;Beşiktaş JK;TUR;0,635
244;Olimpia Tegucigalpa;HON;0,635
245;Nacional Montevideo;URU;0,635
246;Bangkok Glass;THA;0,635
247;Club León;MEX;0,635
248;Samsunspor;TUR;0,635
249;Royal Antwerp FC;BEL;0,635
250;Estoril Praia;POR;0,635
251;Charlotte FC;USA;0,634
252;Grêmio;BRA;0,633
253;Bahia;BRA;0,632
254;Twente;NED;0,631
255;Wydad Casablanca;MAR;0,630
256;CR Bélouizdad;ALG;0,629
257;Club Tijuana;MEX;0,628
258;İstanbul Başakşehir;TUR;0,627
259;TP Mazembe;COD;0,626
260;Puebla;MEX;0,625
261;Rosario Central;ARG;0,624
262;Sharjah FC;UAE;0,623
263;MC Alger;ALG;0,622
264;Estrela;POR;0,621
265;Standard Liège;BEL;0,620
266;Petro Luanda;ANG;0,619
267;Simba;TAN;0,618
268;sc Heerenveen;NED;0,617
269;Rio Ave FC;POR;0,616
270;Machida Zelvia;JPN;0,615
271;Sparta Rotterdam;NED;0,614
272;FC Alverca;POR;0,613
273;Young Africans;TAN;0,612
274;Jagiellonia Białystok;POL;0,611
275;Nacional da Madeira;POR;0,610
276;Fortaleza;BRA;0,609
277;Sanfrecce Hiroshima;JPN;0,608
278;Shandong Taishan;CHN;0,607
279;Dynamo Kyiv;UKR;0,606
280;Basel 1893;SUI;0,605
281;Casa Pia;POR;0,604
282;USM Alger;ALG;0,603
283;Brann;NOR;0,602
284;Metz;FRA;0,601
285;Shanghai Shenhua;CHN;0,600
286;Al Qadsiah;KSA;0,599
287;Sturm Graz;AUT;0,598
288;QPR;ENG;0,597
289;Malmö FF;SWE;0,596
290;Heart of Midlothian FC;SCO;0,595
291;Stoke City;ENG;0,594
292;Kuwait SC;KUW;0,593
293;Levadiakos;GRE;0,592
294;Wrexham AFC;WAL;0,591
295;FC Seoul;KOR;0,590
296;Volos FC;GRE;0,589
297;FCSB;ROU;0,588
298;Atlas;MEX;0,587
299;Southampton FC;ENG;0,586
300;Derby County;ENG;0,585
301;Universitatea Craiova;ROU;0,584
302;Al-Hussein Irbid;JOR;0,583
303;Universidad Católica del Ecuador;ECU;0,582
304;Melbourne City;AUS;0,581
305;Birmingham City;ENG;0,580
306;Unión;ARG;0,579
307;Al-Wehdat;JOR;0,578
308;Aris Saloniki;GRE;0,577
309;FK Jablonec;CZE;0,576
310;Hibernian FC;SCO;0,575
311;Motherwell FC;SCO;0,574
312;AGF Aarhus;DEN;0,573
313;Dundee United FC;SCO;0,572
314;Karviná;CZE;0,571
315;Deportivo Riestra;ARG;0,570
316;Sigma Olomouc;CZE;0,569
317;Al Hilal Omdurman;SDN;0,568
318;Omonia;CYP;0,567
319;Viking;NOR;0,566
320;Brøndby IF;DEN;0,565
321;Slovan Liberec;CZE;0,564
322;Navbahor Namangan;UZB;0,563
323;Aberdeen FC;SCO;0,562
324;Partizan;SRB;0,561
325;Al-Shamal SC;QAT;0,560
326;Beitar Jerusalem FC;ISR;0,559
327;Kashima Antlers;JPN;0,558
328;FC Thun;SUI;0,557
329;Ceramica Cleopatra;EGY;0,556
330;Mjällby AIF;SWE;0,555
331;Frosinone;ITA;0,554
332;Wisła Płock;POL;0,553
333;Schalke 04;GER;0,552
334;ESTAC;FRA;0,551
335;Racing de Santander;ESP;0,550
336;Neftchi Farg'ona;UZB;0,549
337;Győri ETO FC;HUN;0,548
338;Hammarby IF;SWE;0,547
339;UD Las Palmas;ESP;0,546
340;Kashiwa Reysol;JPN;0,545
341;LASK Linz;AUT;0,544
342;FC St Gallen;SUI;0,543
343;Górnik Zabrze;POL;0,542
344;SV Elversberg;GER;0,541
345;Red Star;FRA;0,540
346;LNZ Cherkasy;UKR;0,539
347;SønderjyskE;DEN;0,538
348;Legia Warszawa;POL;0,537
349;Daejeon Citizen;KOR;0,536
350;Hajduk Split;CRO;0,535
351;Deportivo La Coruña;ESP;0,534
352;Kyoto Sanga;JPN;0,533
353;Port FC;THA;0,532
354;Polissya Zhytomyr;UKR;0,531
355;Al-Faisaly Amman;JOR;0,530
356;Al-Jazira;UAE;0,529
357;HNK Rijeka;CRO;0,528
358;FK Krasnodar;RUS;0,527
359;Selangor;MAS;0,526
360;Istra 1961;CRO;0,525
361;Stade de Reims;FRA;0,524
362;TSV Hartberg;AUT;0,523
363;Slaven Koprivnica;CRO;0,522
364;Montpellier Hérault SC;FRA;0,521
365;Istiklol;TJK;0,520
366;Empoli FC;ITA;0,519
367;Al-Wakrah;QAT;0,518
368;Lion City Sailors;SIN;0,517
369;Independiente Rivadavia;ARG;0,516
370;Orlando City SC;USA;0,5151
371;New York Red Bulls;USA;0,5142
372;Portland Timbers;USA;0,5133
373;Real Salt Lake;USA;0,5124
374;New England Revolution;USA;0,5115
375;Red Bull Bragantino;BRA;0,5106
376;Central Córdoba;ARG;0,5097
377;Toronto FC;CAN;0,5088
378;Atlético Nacional;COL;0,5079
379;Santos FC;BRA;0,5070
380;Houston Dynamo;USA;0,5061
381;Motagua;HON;0,5052
382;Barcelona Guayaquil;ECU;0,5043
383;Sporting Kansas City;USA;0,5034
384;FC Juárez;MEX;0,5025
385;Vasco da Gama;BRA;0,5016
386;Auckland City;NZL;0,5007
387;Talleres;ARG;0,4998
388;Cartaginés;CRC;0,4989
389;Atlanta United FC;USA;0,4980
390;CF Montréal;CAN;0,4971
391;San Lorenzo;ARG;0,4962
392;Junior;COL;0,4953
393;Fortuna Sittard;NED;0,4944
394;Chicago Fire;USA;0,4935
395;Al-Fayha;KSA;0,4926
396;Austin FC;USA;0,4917
397;Argentinos Juniors;ARG;0,4908
398;Westerlo;BEL;0,4899
399;Atlético San Luis;MEX;0,4890
400;Excelsior Rotterdam;NED;0,4881
401;Kocaelispor;TUR;0,4872
402;Vitória;BRA;0,4863
403;Royal Charleroi SC;BEL;0,4854
404;FC Dallas;USA;0,4845
405;Xelaju MC;GUA;0,4836
406;Gaziantep FK;TUR;0,4827
407;PEC Zwolle;NED;0,4818
408;Antigua Guatemala;GUA;0,4809
409;FC Arouca;POR;0,4800
410;Mazatlán FC;MEX;0,4791
411;Telstar;NED;0,4782
412;Independiente Medellín;COL;0,4773
413;Zulte Waregem;BEL;0,4764
414;Alanyaspor;TUR;0,4755
415;Tondela;POR;0,4746
416;Marathón;HON;0,4737
417;Santos Laguna;MEX;0,4728
418;San Jose Earthquakes;USA;0,4719
419;Atlético Bucaramanga;COL;0,4710
420;Al-Ettifaq;KSA;0,4701
421;FC Volendam;NED;0,4692
422;Herediano;CRC;0,4683
423;Gençlerbirliği;TUR;0,4674
424;AVS;POR;0,4665
425;Necaxa;MEX;0,4656
426;Cercle Brugge;BEL;0,4647
427;RAAL La Louvière;BEL;0,4638
428;Defensa y Justicia;ARG;0,4629
429;Neom;KSA;0,4620
430;Heracles Almelo;NED;0,4611
431;Çaykur Rizespor;TUR;0,4602
432;Once Caldas;COL;0,4593
433;Oud-Heverlee Leuven;BEL;0,4584
434;St. Louis City SC;USA;0,4575
435;NAC Breda;NED;0,4566
436;Shanghai Port;CHN;0,4557
437;Konyaspor;TUR;0,4548
438;Bangkok United;THA;0,4539
439;América de Cali;COL;0,4530
440;Olimpia;PAR;0,4521
441;Al-Khaleej;KSA;0,4512
442;DC United;USA;0,4503
443;Kasımpaşa;TUR;0,4494
444;Maccabi Haifa FC;ISR;0,4485
445;Raków Częstochowa;POL;0,4476
446;Gangwon FC;KOR;0,4467
447;AEK Larnaca FC;CYP;0,4458
448;Real España;HON;0,4449
449;Djurgårdens IF;SWE;0,4440
450;Dender;BEL;0,4431
451;Al-Hazem;KSA;0,4422
452;Al-Masry SC;EGY;0,4413
453;Antalyaspor;TUR;0,4404
454;CS Sfaxien;TUN;0,4395
455;Gallos Blancos de Querétaro;MEX;0,4386
456;Huracán;ARG;0,4377
457;Kayserispor;TUR;0,4368
458;Chengdu Rongcheng;CHN;0,4359
459;Elfsborg;SWE;0,4350
460;Sheffield United;ENG;0,4341
461;NK Celje;SVN;0,4332
462;Al-Fateh Al-Ahsa;KSA;0,4323
463;Comunicaciones;GUA;0,4314
464;Real Estelí;NCA;0,4305
465;Kifisia FC;GRE;0,4296
466;Coritiba;BRA;0,4287
467;Swansea City AFC;WAL;0,4278
468;Molde FK;NOR;0,4269
469;Al-Kholood Club;KSA;0,4260
470;Belgrano;ARG;0,4251
471;Blackburn Rovers;ENG;0,4242
472;Ratchaburi;THA;0,4233
473;Panetolikos;GRE;0,4224
474;Damac FC;KSA;0,4215
475;Charlton Athletic;ENG;0,4206
476;Rapid Wien;AUT;0,4197
477;Étoile du Sahel;TUN;0,4188
478;Kaizer Chiefs Johannesburg;RSA;0,4179
479;Chapecoense;BRA;0,4170
480;Gamba Osaka;JPN;0,4161
481;Portsmouth FC;ENG;0,4152
482;Colo-Colo;CHI;0,4143
483;Guaraní;PAR;0,4134
484;FC Lugano;SUI;0,4125
485;Asteras Tripolis FC;GRE;0,4116
486;Hradec Králové;CZE;0,4107
487;Mushuc Runa;ECU;0,4098
488;Remo;BRA;0,4089
489;Lech Poznań;POL;0,4080
490;Oxford United FC;ENG;0,4071
491;Alianza Lima;PER;0,4062
492;Municipal;GUA;0,4053
493;Norwich City;ENG;0,4044
494;AC Monza;ITA;0,4035
495;Saint-Éloi Lupopo;COD;0,4026
496;Atromitos FC;GRE;0,4017
497;Barracas Central;ARG;0,4008
498;Stade Tunisien;TUN;0,3999
499;Venezia FC;ITA;0,3990
500;Sheffield Wednesday;ENG;0,3981
501;AS Saint-Étienne;FRA;0,3972
502;Darmstadt 98;GER;0,3963
503;Club Africain;TUN;0,3954
504;Emelec;ECU;0,3945
505;FC Zlín;CZE;0,3936
506;GAIS;SWE;0,3927
507;Tromsø IL;NOR;0,3918
508;Sekhukhune United;RSA;0,3909
509;Falkirk FC;SCO;0,3900
510;UD Almeria;ESP;0,3891
511;Shamrock Rovers FC;IRL;0,3882
512;Macarthur;AUS;0,3873
513;Auckland FC;NZL;0,3864
514;OFI Heraklion;GRE;0,3855
515;Tigre;ARG;0,3846
516;Palermo FC;ITA;0,3837
517;Rapid Bucureşti;ROU;0,3828
518;RFS;LVA;0,3819
519;Paderborn 07;GER;0,3810
520;Le Mans;FRA;0,3801
521;Lausanne-Sport;SUI;0,3792
522;Levski Sofia;BUL;0,3783
523;Gimnasia y Esgrima;ARG;0,3774
524;Gimcheon Sangmu;KOR;0,3765
525;Deportes Tolima;COL;0,3756
526;CD Castellón;ESP;0,3747
527;IFK Göteborg;SWE;0,3738
528;Chadormalou;IRN;0,3729
529;FUS Rabat;MAR;0,3720
530;Dinamo Samarqand;UZB;0,3711
531;Teplice;CZE;0,3702
532;Vojvodina Novi Sad;SRB;0,3693
533;US Catanzaro 1929;ITA;0,3684
534;FC Nouadhibou;MTN;0,3675
535;FC Botoşani;ROU;0,3666
536;AE Larisa;GRE;0,3657
537;Dundee FC;SCO;0,3648
538;Zagłębie Lubin;POL;0,3639
539;Hannover 96;GER;0,3630
540;Hapoel Tel-Aviv FC;ISR;0,3621
541;Paksi FC;HUN;0,3612
542;JS de Kabylie;ALG;0,3603
543;Sabah FK;AZE;0,3594
544;Wadi Degla;EGY;0,3585
545;Zenit;RUS;0,3576
546;FK Mladá Boleslav;CZE;0,3567
547;AS Vita Club;COD;0,3558
548;FK Novi Pazar;SRB;0,3549
549;Banfield;ARG;0,3540
550;Odense Boldklub;DEN;0,3531
551;Olympique de Safi;MAR;0,3522
552;Rosenborg BK;NOR;0,3513
553;Qatar SC;QAT;0,3504
554;Kryvbas Kryvyi Rih;UKR;0,3495
555;Sandefjord Fotball;NOR;0,3486
556;AmaZulu;RSA;0,3477
557;Bunyodkor;UZB;0,3468
558;Al-Nasr Dubai;UAE;0,3459
559;FK Pardubice;CZE;0,3450
560;Muangthong United;THA;0,3441
561;Cracovia Kraków;POL;0,3432
562;Dinamo Bucureşti;ROU;0,3423
563;AS Maniema Union;COD;0,3414
564;ZED FC;EGY;0,3405
565;Panserraikos;GRE;0,3396
566;Lokomotiv Moskva;RUS;0,3387
567;AIK;SWE;0,3378
568;St. Miren;SCO;0,3369
569;Sarmiento;ARG;0,3360
570;Brisbane Roar;AUS;0,3351
571;Liverpool Montevideo;URU;0,3342
572;BK Häcken;SWE;0,3333
573;Austria Wien;AUT;0,3324
574;Bohemians;CZE;0,3315
575;Kolos Kovalivka;UKR;0,3306
576;Vålerenga;NOR;0,3297
577;Municipal Liberia;CRC;0,3288
578;Platense FC;HON;0,3279
579;Al-Arabi;QAT;0,3270
580;ASEC Mimosas;CIV;0,3261
581;Al Ahli Doha;QAT;0,3252
582;Viborg FF;DEN;0,3243
583;Al-Ramtha;JOR;0,3234
584;ENPPI;EGY;0,3225
585;Sporting Cristal;PER;0,3216
586;APOEL FC;CYP;0,3207
587;Riga FC;LVA;0,3198
588;Debreceni VSC;HUN;0,3189
589;Club Universitario de Deportes;PER;0,3180
590;Metalist Kharkiv 1925;UKR;0,3173
591;Kilmarnock;SCO;0,3167
592;Stellenbosch FC;RSA;0,3158
593;FC Nordsjælland;DEN;0,3152
594;The Strongest;BOL;0,3150
595;Plaza Amador;PAN;0,3150
596;Kuching City;MAS;0,3150
597;Alianza;SLV;0,3147
598;Singida Black Stars;TAN;0,3147
599;Medeama;GHA;0,3147
600;CS Constantine;ALG;0,3144
601;SV Ried;AUT;0,3144
602;FC Sion;SUI;0,3144
603;Ajman Club;UAE;0,3141
604;Cerezo Osaka;JPN;0,3138
605;Zorya Luhansk;UKR;0,3138
606;Dukla;CZE;0,3135
607;Azam;TAN;0,3132
608;NK Maribor;SVN;0,3126
609;Petrocub Hîncești;MDA;0,3123
610;Livingston FC;SCO;0,3117
611;Spartak Moskva;RUS;0,3114
612;Wolfsberger AC;AUT;0,3109
613;NK Varaždin;CRO;0,3109
614;Baník Ostrava;CZE;0,3109
615;Independiente de la Chorrera;PAN;0,3103
616;Randers FC;DEN;0,3103
617;Karpaty Lviv;UKR;0,3100
618;CFR Cluj;ROU;0,3097
619;FC Zürich;SUI;0,3094
620;Incheon United;KOR;0,3091
621;Universidad de Chile;CHI;0,3085
622;Sporting San Miguelito;PAN;0,3085
623;Sheriff;MDA;0,3079
624;Silkeborg IF;DEN;0,3070
625;Rukh Lviv;UKR;0,3065
626;Mount Pleasant;JAM;0,3062
627;Águila;SLV;0,3053
628;FC Anyang;KOR;0,3044
629;FC Luzern;SUI;0,3044
630;Olimpija Ljubljana;SVN;0,3035
631;Gorica;CRO;0,3030
632;Tampines Rovers;SIN;0,3027
633;UC Sampdoria;ITA;0,3024
634;Millonarios;COL;0,3018
635;Dinamo Moskva;RUS;0,3009
636;Umm Salal SC;QAT;0,3001
637;SCR Altach;AUT;0,2998
638;Central Coast Mariners;AUS;0,2989
639;Cienciano;PER;0,2986
640;Amiens S.C.;FRA;0,2977
641;Palestino;CHI;0,2974
642;Cavalier;JAM;0,2971
643;Lokomotiva Zagreb;CRO;0,2968
644;Vejle Boldklub;DEN;0,2960
645;Lillestrøm SK;NOR;0,2957
646;WSG Tirol;AUT;0,2948
647;Cavalry FC;CAN;0,2939
648;Vukovar 91;CRO;0,2930
649;Kitchee;HKG;0,2921
650;Al-Quwa Al-Jawiya;IRQ;0,2912
651;Al-Shorta;IRQ;0,2903
652;Wellington Phoenix;NZL;0,2894
653;Caracas FC;VEN;0,2885
654;Persib Bandung;IDN;0,2876
655;Chippa United;RSA;0,2867
656;Servette FC;SUI;0,2858
657;FK Olexandriya;UKR;0,2849
658;Eyüpspor;TUR;0,2849
659;NK Osijek;CRO;0,2849
660;Holstein Kiel;GER;0,2849
661;Real Valladolid;ESP;0,2849
662;Leganés;ESP;0,2849
663;Kairat;KAZ;0,2843
664;Slovan Bratislava;SVK;0,2834
665;Defence Force FC Chaguaramas;TRI;0,2828
666;Robinhood;SUR;0,2819
667;Cibao;DOM;0,2810
668;O&M FC;DOM;0,2801
669;Sagrada Esperança;ANG;0,2796
670;Cong An Ha Noi FC;VIE;0,2790
671;Víkingur Reykjavík;ISL;0,2787
672;Stade Malien;MLI;0,2787
673;Horoya AC;GUI;0,2787
674;Al-Ahed;LIB;0,2784
675;Al-Khaldiya;BHR;0,2782
676;Al-Ahli Tripoli;LBY;0,2773
677;Al-Muharraq;BHR;0,2767
678;Nam Dinh;VIE;0,2758
679;Weymouth Wales;BRB;0,2749
680;Al-Zawra'a;IRQ;0,2749
681;KuPS;FIN;0,2740
682;Duhok SC;IRQ;0,2731
683;Breiðablik;ISL;0,2722
684;Pirae;TAH;0,2713
685;CS Marítimo;POR;0,2704
686;Noah;ARM;0,2695
687;Hekari United;PNG;0,2686
688;Arkadag FK;TKM;0,2679
689;Rivers United;NGA;0,2673
690;Svay Rieng;CAM;0,2668
691;Al-Shabab Oman;OMA;0,2668
692;Rewa;FIJ;0,2665
693;Zrinjski Mostar;BIH;0,2662
694;Shkëndija;MKD;0,2656
695;Borac Banja Luka;BIH;0,2656
696;Central Coast;SOL;0,2653
697;Magenta;NCL;0,2644
698;Tiga Sport;NCL;0,2638
699;FC San-Pédro;CIV;0,2633
700;AFAD Djékanou;CIV;0,2633
701;Colombe Sportive;CMR;0,2630
702;ASC Jaraaf;SEN;0,2621
703;Al-Merreikh;SDN;0,2612
704;Vénus;TAH;0,2603
705;Al-Nahda;OMA;0,2598
706;Al-Seeb;OMA;0,2595
707;Al-Riffa;BHR;0,2586
708;Power Dynamos;ZAM;0,2577
709;Otohô;CGO;0,2568
710;Monagas;VEN;0,2568
711;Black Bulls;MOZ;0,2560
712;Godoy Cruz;ARG;0,2554
713;Ethiopian Insurance;ETH;0,2545
714;Lincoln Red Imps FC;GIB;0,2539
715;Silver Strikers FC;MWI;0,2536
716;Nairobi United;KEN;0,2530
717;Hilal Al-Quds;PLE;0,2525
718;Aigle Noir Makamba;BDI;0,2522
719;Daegu FC;KOR;0,2513
720;Ventforet Kofu;JPN;0,2504
721;Luton Town;ENG;0,2495
722;Reading;ENG;0,2486
723;Abha Club;KSA;0,2477
724;Al Wehda;KSA;0,2468
725;Salernitana 1919;ITA;0,2459
726;Girondins de Bordeaux;FRA;0,2450
727;Boavista;POR;0,2441
728;Fatih Karagümrük;TUR;0,2432
729;Always Ready;BOL;0,2431
730;Independiente;ARG;0,2430
731;Cardiff City;WAL;0,2429
732;Iquique;CHI;0,2428
733;Slovácko;CZE;0,2427
734;Diriangén FC;NCA;0,2426
735;Boston River;URU;0,2425
736;Deportivo Táchira;VEN;0,2424
737;Unión Española;CHI;0,2423
738;Real Hope FA;HAI;0,2422
739;GV San José;BOL;0,2421
740;Louisville City;USA;0,2420
741;Huachipato;CHI;0,2419
742;Nacional Potosí;BOL;0,2418
743;Al-Riyadh SC;KSA;0,2417
744;Cádiz CF;ESP;0,2416
745;Cesena FC;ITA;0,2415
746;Al-Okhdood;KSA;0,2414
747;FC Fredericia;DEN;0,2413
748;USL Dunkerque;FRA;0,2412
749;Hertha BSC Berlin;GER;0,2411
750;Sporting Gijón;ESP;0,2410
751;San Antonio Bulo Bulo;BOL;0,2409
752;Modena FC 2018;ITA;0,2408
753;Al-Najma SC;KSA;0,2407
754;Pau;FRA;0,2406
755;Burgos CF;ESP;0,2405
756;Tauro;PAN;0,2404
757;1. FC Kaiserslautern;GER;0,2403
758;Juve Stabia;ITA;0,2402
759;AD Ceuta;ESP;0,2401
760;Cerro Largo;URU;0,2400
761;1. FC Nürnberg;GER;0,2399
762;Simba Kolwezi;COD;0,2398
763;US Monastir;TUN;0,2397
764;Polokwane City;RSA;0,2396
765;Málaga CF;ESP;0,2395
766;RCA Zemamra;MAR;0,2394
767;AGMK;UZB;0,2393
768;Ceará SC;BRA;0,2392
769;Radomiak;POL;0,2391
770;Gol Gohar;IRN;0,2390
771;Argeș Pitești;ROU;0,2389
772;Chiangrai United;THA;0,2388
773;Železničar Pančevo;SRB;0,2387
774;CSKA Moskva;RUS;0,2386
775;EA Guingamp;FRA;0,2385
776;Adelaide United;AUS;0,2384
777;Padova;ITA;0,2383
778;Karlsruher SC;GER;0,2382
779;Orense;ECU;0,2381
780;Aris;CYP;0,2380
781;Córdoba CF;ESP;0,2379
782;Bnei Sakhnin FC;ISR;0,2378
783;Beijing Guoan;CHN;0,2377
784;Petrojet;EGY;0,2376
785;Racing Club Montevideo;URU;0,2375
786;Fortaleza CEIF;COL;0,2374
787;Fredrikstad FK;NOR;0,2373
788;Nacional;PAR;0,2372
789;Juventud;URU;0,2371
790;CSKA 1948 Sofia;BUL;0,2370
791;Avellino 1912;ITA;0,2369
792;Annecy;FRA;0,2368
793;Moca FC;DOM;0,2367
794;VfL Bochum;GER;0,2366
795;Atlético Tucumán;ARG;0,2365
796;ADO Den Haag;NED;0,2364
797;Puskás Akadémia;HUN;0,2363
798;MC Oran;ALG;0,2362
799;Primeiro de Agosto;ANG;0,2361
800;Aldosivi;ARG;0,2360
801;Melgar;PER;0,2359
802;Aigles du Congo;COD;0,2358
803;Reggiana 1919;ITA;0,2357
804;Deportivo Mixco;GUA;0,2356
805;Grenoble Foot 38;FRA;0,2355
806;FC Andorra;ESP;0,2354
807;FC Tokyo;JPN;0,2353
808;TS Galaxy;RSA;0,2352
809;Santa Fe;COL;0,2351
810;Zirä FK;AZE;0,2350
811;Lincoln City;ENG;0,2349
812;Universitatea Cluj;ROU;0,2348
813;Wellington Olympic;NZL;0,2347
814;Al-Arabi Kuwait;KUW;0,2346
815;Sirius Fotboll;SWE;0,2345
816;Ittihad Kalba;UAE;0,2344
817;Olancho FC;HON;0,2343
818;NBE;EGY;0,2342
819;AS Pompier;MTN;0,2341
820;Andijon FK;UZB;0,2340
821;Asante Kotoko;GHA;0,2339
822;Carrarese Calcio;ITA;0,2338
823;Pérez Zeledón;CRC;0,2337
824;Avispa Fukuoka;JPN;0,2336
825;SK Beveren;BEL;0,2335
826;Rodez;FRA;0,2334
827;Zhejiang Professional;CHN;0,2333
828;Foolad;IRN;0,2332
829;FC Koper;SVN;0,2331
830;Radnički 1923 Kragujevac;SRB;0,2330
831;Sportivo Trinidense;PAR;0,2329
832;Preußen Münster;GER;0,2328
833;Al-Qadsia;KUW;0,2327
834;Modern Sport;EGY;0,2326
835;Kuala Lumpur City;MAS;0,2325
836;Zimbru Chișinău;MDA;0,2324
837;Pogoń Szczecin;POL;0,2323
838;Derry City FC;NIR;0,2322
839;Club Franciscain;MTQ;0,2321
840;Melbourne Victory;AUS;0,2320
841;Charleston Battery;USA;0,2319
842;Veres Rivne;UKR;0,2318
843;Eintracht Braunschweig;GER;0,2317
844;Hapoel Haifa;ISR;0,2316
845;FK Liepāja;LVA;0,2315
846;Wiliete;ANG;0,2314
847;Club 2 de Mayo;PAR;0,2313
848;Platense;ARG;0,2312
849;Al-Salt SC;JOR;0,2311
850;Shelbourne;IRL;0,2310
851;Terengganu;MAS;0,2309
852;Araz-Naxçıvan;AZE;0,2308
853;Bravos do Maquis;ANG;0,2307
854;Obolon Kyiv;UKR;0,2306
855;Amed SFK;TUR;0,2305
856;Bibiani Gold Stars;GHA;0,2304
857;JKT Tanzania;TAN;0,2303
858;TSC Bačka Topola;SRB;0,2302
859;Jaiba Brava;MEX;0,2301
860;Specia Calcio;ITA;0,2300
861;Juticalpa;HON;0,2299
862;Jeju United;KOR;0,2298
863;BFC Daugavpils;LVA;0,2297
864;Al-Sailiya SC;QAT;0,2296
865;Lunda Sul;ANG;0,2295
866;ASC Snim;MTN;0,2294
867;Arda 1924 Kardzhali;BUL;0,2293
868;FC Magdeburg;GER;0,2292
869;Sportivo Luqueño;PAR;0,2291
870;Kalamata FC;GRE;0,2290
871;Al-Shahania;QAT;0,2289
872;Grazer AK;AUT;0,2288
873;Grasshopper Club Zürich;SUI;0,2287
874;Danubio;URU;0,2286
875;Auda;LVA;0,2285
876;Bradford City AFC;ENG;0,2284
877;FC Tulsa;USA;0,2283
878;Deportivo Pereira;COL;0,2282
879;Zakho SC;IRQ;0,2281
880;Cambuur;NED;0,2280
881;Sportivo Ameliano;PAR;0,2279
882;Saint Patrick's Athletic;IRL;0,2278
883;Milsami Orhei;MDA;0,2277
884;Ifira Black Bird;VAN;0,2276
885;Pendikspor;TUR;0,2275
886;Blau-Weiß;AUT;0,2274
887;Kortrijk;BEL;0,2273
888;CD Mirandés;ESP;0,2272
889;AD San Carlos;CRC;0,2271
890;Kabuscorp;ANG;0,2270
891;Montevideo Wanderers;URU;0,2269
892;ES Sétif;ALG;0,2268
893;Juventude;BRA;0,2267
894;Sacramento Republic;USA;0,2266
895;KMC;TAN;0,2265
896;Academia Quintana;PUR;0,2264
897;Academia Puerto Cabello;VEN;0,2263
898;St Johnstone FC;SCO;0,2262
899;Stockport County FC;ENG;0,2261
900;De Graafschap;NED;0,2260
901;Wuhan Three Towns;CHN;0,2259
902;Ahal;TKM;0,2258
903;Chaves;POR;0,2257
904;Beerschot;BEL;0,2256
905;Sport Recife;BRA;0,2255
906;Al-Ansar;LIB;0,2254
907;Atlético Grau;PER;0,2253
908;Zbrojovka Brno;CZE;0,2252
909;Roda JC;NED;0,2251
910;Dewa United;IDN;0,2250
911;FC Vizela;POR;0,2249
912;Huddersfield Town;ENG;0,2248
913;CD Irapuato;MEX;0,2247
914;Lommel SK;BEL;0,2246
915;Panionios GSS;GRE;0,2245
916;PSM Makassar;IDN;0,2244
917;Kaya;PHI;0,2243
918;FC Goa;IND;0,2242
919;União de Leiria;POR;0,2241
920;Drita;KVX;0,2240
921;Transvaal;SUR;0,2239
922;Al-Tadamun Hadramaut;YEM;0,2238
923;Bolton Wanderers;ENG;0,2237
924;Lusitânia FC;POR;0,2236
925;Solomon Warriors;SOL;0,2235
926;Central;TRI;0,2234
927;Iraklis FC;GRE;0,2233
928;Carabobo;VEN;0,2232
929;Stevenage FC;ENG;0,2231
930;Atlante;MEX;0,2230
931;Silon Táborsko;CZE;0,2229
932;Forge FC;CAN;0,2228
933;Partick Thistle;SCO;0,2227
934;Altyn Asyr;TKM;0,2226
935;Torreense;POR;0,2225
936;Larne;NIR;0,2224
937;Tai Po;HKG;0,2223
938;Managua FC;NCA;0,2222
939;Suva;FIJ;0,2221
940;Astana FK;KAZ;0,2220
941;CD Hércules;SLV;0,2219
942;Spartak Trnava;SVK;0,2218
943;Manila Digger;PHI;0,2217
944;Safa;LIB;0,2216
945;NK Rudeš;CRO;0,2215
946;Stade d'Abidjan;CIV;0,2214
947;Arnett Gardens;JAM;0,2213
948;Wycombe Wanderers;ENG;0,2212
949;Enyimba;NGA;0,2211
950;Muras United;KGZ;0,2210
951;FC Košice;SVK;0,2209
952;Sitra Club;BHR;0,2208
953;Lae City;PNG;0,2207
954;Lyngby BK;DEN;0,2206
955;MŠK Žilina;SVK;0,2205
956;Blooming;BOL;0,2204
957;HJK Helsinki;FIN;0,2203
958;Cusco FC;PER;0,2202
959;Ravshan Kulob;TJK;0,2201
960;Ñublense;CHI;0,2200
961;Universidad Católica;CHI;0,2199
962;KA;ISL;0,2198
963;Hienghène Sport;NCL;0,2197
964;Valur Reykjavík;ISL;0,2196
965;Luis Ángel Firpo;SLV;0,2195
966;Arbroath F.C.;SCO;0,2194
967;Phnom Penh Crown;CAM;0,2193
968;Hafia;GUI;0,2192
969;Abdysh-Ata Kant;KGZ;0,2191
970;Remo Stars;NGA;0,2190
971;Aktobe FK;KAZ;0,2189
972;Madura United;IDN;0,2188
973;Cuiabá;BRA;0,2187
974;Universidad Central;VEN;0,2186
975;Neman Grodno;BLR;0,2185
976;Al-Ittihad Tripoli;LBY;0,2184
977;All Saints United;ATG;0,2183
978;Dong A Thanh Hoa;VIE;0,2182
979;Ordabasy Shymkent;KAZ;0,2181
980;FK Sarajevo;BIH;0,2180
981;Tampereen Ilves;FIN;0,2179
982;Linfield FC;NIR;0,2178
983;Borneo Samarinda;IDN;0,2177
984;Željezničar Sarajevo;BIH;0,2176
985;Dungannon Swifts;NIR;0,2175
986;Juventus des Cayes;HAI;0,2174
987;Lautoka;FIJ;0,2173
988;Mansfield Town;ENG;0,2172
989;Djoliba;MLI;0,2171
990;AC Port of Spain;TRI;0,2170
991;Eastern;HKG;0,2169
992;Rahimo FC;BFA;0,2168
993;Pyunik;ARM;0,2167
994;Génération Foot;SEN;0,2166
995;Farense;POR;0,2165
996;ZESCO United;ZAM;0,2164
997;Ararat-Armenia;ARM;0,2163
998;Abia Warriors;NGA;0,2162
999;Aigle Royal Menoua;CMR;0,2161
1000;Penybont;WAL;0,2160
1001;Other clubs in the world;;<0,2160
